source,target,weight
ART,BIG DATA,16
ART,BUSINESS STRATEGY,19
ART,CLOUD COMPUTING,6
ART,COMPUTER PROGRAMMING,14
ART,DANCING,20
ART,DATA ANALYTICS,9
ART,DATA MINING,6
ART,DATA VISUALIZATION,11
ART,DINING OUT,31
ART,EDUCATION & TECHNOLOGY,20
ART,ENTREPRENEUR NETWORKING,3
ART,ENTREPRENEURSHIP,11
ART,FITNESS,19
ART,HADOOP,3
ART,HIKING,15
ART,HOUSTON,17
ART,INTELLECTUAL DISCUSSION,20
ART,INTERNET STARTUPS,6
ART,JAVASCRIPT,4
ART,LEAN STARTUP,5
ART,LIVE MUSIC,37
ART,MOBILE DEVELOPMENT,6
ART,MOBILE TECHNOLOGY,12
ART,MUSIC,26
ART,NEW TECHNOLOGY,32
ART,OPEN SOURCE,19
ART,OUTDOORS,30
ART,PREDICTIVE ANALYTICS,9
ART,PROFESSIONAL DEVELOPMENT,10
ART,PROFESSIONAL NETWORKING,8
ART,PYTHON,5
ART,SELF-IMPROVEMENT,15
ART,SOCIAL,16
ART,SOFTWARE DEVELOPMENT,11
ART,STARTUP BUSINESSES,21
ART,TECHNOLOGY,10
ART,TECHNOLOGY STARTUPS,7
ART,THEATER,24
ART,TRAVEL,26
ART,WATCHING MOVIES,22
ART,WEB DESIGN,11
ART,WEB DEVELOPMENT,11
ART,WEB TECHNOLOGY,14
BIG DATA,BUSINESS STRATEGY,21
BIG DATA,CLOUD COMPUTING,67
BIG DATA,COMPUTER PROGRAMMING,99
BIG DATA,DANCING,15
BIG DATA,DATA ANALYTICS,129
BIG DATA,DATA MINING,99
BIG DATA,DATA VISUALIZATION,123
BIG DATA,DINING OUT,27
BIG DATA,EDUCATION & TECHNOLOGY,22
BIG DATA,ENTREPRENEUR NETWORKING,37
BIG DATA,ENTREPRENEURSHIP,69
BIG DATA,FITNESS,40
BIG DATA,HADOOP,63
BIG DATA,HIKING,16
BIG DATA,HOUSTON,7
BIG DATA,INTELLECTUAL DISCUSSION,15
BIG DATA,INTERNET STARTUPS,42
BIG DATA,JAVASCRIPT,55
BIG DATA,LEAN STARTUP,32
BIG DATA,LIVE MUSIC,25
BIG DATA,MOBILE DEVELOPMENT,44
BIG DATA,MOBILE TECHNOLOGY,45
BIG DATA,MUSIC,10
BIG DATA,NEW TECHNOLOGY,112
BIG DATA,OPEN SOURCE,82
BIG DATA,OUTDOORS,30
BIG DATA,PREDICTIVE ANALYTICS,74
BIG DATA,PROFESSIONAL DEVELOPMENT,23
BIG DATA,PROFESSIONAL NETWORKING,21
BIG DATA,PYTHON,30
BIG DATA,SELF-IMPROVEMENT,14
BIG DATA,SOCIAL,13
BIG DATA,SOFTWARE DEVELOPMENT,94
BIG DATA,STARTUP BUSINESSES,87
BIG DATA,TECHNOLOGY,72
BIG DATA,TECHNOLOGY STARTUPS,35
BIG DATA,THEATER,15
BIG DATA,TRAVEL,38
BIG DATA,WATCHING MOVIES,18
BIG DATA,WEB DESIGN,56
BIG DATA,WEB DEVELOPMENT,79
BIG DATA,WEB TECHNOLOGY,27
BUSINESS STRATEGY,CLOUD COMPUTING,10
BUSINESS STRATEGY,COMPUTER PROGRAMMING,19
BUSINESS STRATEGY,DANCING,5
BUSINESS STRATEGY,DATA ANALYTICS,11
BUSINESS STRATEGY,DATA MINING,8
BUSINESS STRATEGY,DATA VISUALIZATION,12
BUSINESS STRATEGY,DINING OUT,24
BUSINESS STRATEGY,EDUCATION & TECHNOLOGY,30
BUSINESS STRATEGY,ENTREPRENEUR NETWORKING,12
BUSINESS STRATEGY,ENTREPRENEURSHIP,26
BUSINESS STRATEGY,FITNESS,14
BUSINESS STRATEGY,HADOOP,5
BUSINESS STRATEGY,HIKING,7
BUSINESS STRATEGY,HOUSTON,20
BUSINESS STRATEGY,INTELLECTUAL DISCUSSION,21
BUSINESS STRATEGY,INTERNET STARTUPS,14
BUSINESS STRATEGY,JAVASCRIPT,5
BUSINESS STRATEGY,LEAN STARTUP,6
BUSINESS STRATEGY,LIVE MUSIC,19
BUSINESS STRATEGY,MOBILE DEVELOPMENT,7
BUSINESS STRATEGY,MOBILE TECHNOLOGY,17
BUSINESS STRATEGY,MUSIC,11
BUSINESS STRATEGY,NEW TECHNOLOGY,33
BUSINESS STRATEGY,OPEN SOURCE,22
BUSINESS STRATEGY,OUTDOORS,22
BUSINESS STRATEGY,PREDICTIVE ANALYTICS,22
BUSINESS STRATEGY,PROFESSIONAL DEVELOPMENT,25
BUSINESS STRATEGY,PROFESSIONAL NETWORKING,19
BUSINESS STRATEGY,PYTHON,5
BUSINESS STRATEGY,SELF-IMPROVEMENT,13
BUSINESS STRATEGY,SOCIAL,8
BUSINESS STRATEGY,SOFTWARE DEVELOPMENT,18
BUSINESS STRATEGY,STARTUP BUSINESSES,39
BUSINESS STRATEGY,TECHNOLOGY,9
BUSINESS STRATEGY,TECHNOLOGY STARTUPS,17
BUSINESS STRATEGY,THEATER,12
BUSINESS STRATEGY,TRAVEL,17
BUSINESS STRATEGY,WATCHING MOVIES,9
BUSINESS STRATEGY,WEB DESIGN,18
BUSINESS STRATEGY,WEB DEVELOPMENT,13
BUSINESS STRATEGY,WEB TECHNOLOGY,24
CLOUD COMPUTING,COMPUTER PROGRAMMING,58
CLOUD COMPUTING,DANCING,4
CLOUD COMPUTING,DATA ANALYTICS,55
CLOUD COMPUTING,DATA MINING,46
CLOUD COMPUTING,DATA VISUALIZATION,52
CLOUD COMPUTING,DINING OUT,12
CLOUD COMPUTING,EDUCATION & TECHNOLOGY,10
CLOUD COMPUTING,ENTREPRENEUR NETWORKING,25
CLOUD COMPUTING,ENTREPRENEURSHIP,31
CLOUD COMPUTING,FITNESS,19
CLOUD COMPUTING,HADOOP,39
CLOUD COMPUTING,HIKING,9
CLOUD COMPUTING,INTELLECTUAL DISCUSSION,4
CLOUD COMPUTING,INTERNET STARTUPS,25
CLOUD COMPUTING,JAVASCRIPT,35
CLOUD COMPUTING,LEAN STARTUP,19
CLOUD COMPUTING,LIVE MUSIC,10
CLOUD COMPUTING,MOBILE DEVELOPMENT,30
CLOUD COMPUTING,MOBILE TECHNOLOGY,33
CLOUD COMPUTING,MUSIC,3
CLOUD COMPUTING,NEW TECHNOLOGY,58
CLOUD COMPUTING,OPEN SOURCE,47
CLOUD COMPUTING,OUTDOORS,9
CLOUD COMPUTING,PREDICTIVE ANALYTICS,28
CLOUD COMPUTING,PROFESSIONAL DEVELOPMENT,8
CLOUD COMPUTING,PROFESSIONAL NETWORKING,11
CLOUD COMPUTING,PYTHON,18
CLOUD COMPUTING,SELF-IMPROVEMENT,5
CLOUD COMPUTING,SOCIAL,5
CLOUD COMPUTING,SOFTWARE DEVELOPMENT,54
CLOUD COMPUTING,STARTUP BUSINESSES,43
CLOUD COMPUTING,TECHNOLOGY,41
CLOUD COMPUTING,TECHNOLOGY STARTUPS,15
CLOUD COMPUTING,THEATER,4
CLOUD COMPUTING,TRAVEL,14
CLOUD COMPUTING,WATCHING MOVIES,5
CLOUD COMPUTING,WEB DESIGN,33
CLOUD COMPUTING,WEB DEVELOPMENT,45
CLOUD COMPUTING,WEB TECHNOLOGY,14
COMPUTER PROGRAMMING,DANCING,15
COMPUTER PROGRAMMING,DATA ANALYTICS,83
COMPUTER PROGRAMMING,DATA MINING,62
COMPUTER PROGRAMMING,DATA VISUALIZATION,76
COMPUTER PROGRAMMING,DINING OUT,31
COMPUTER PROGRAMMING,EDUCATION & TECHNOLOGY,25
COMPUTER PROGRAMMING,ENTREPRENEUR NETWORKING,35
COMPUTER PROGRAMMING,ENTREPRENEURSHIP,78
COMPUTER PROGRAMMING,FITNESS,38
COMPUTER PROGRAMMING,HADOOP,39
COMPUTER PROGRAMMING,HIKING,21
COMPUTER PROGRAMMING,HOUSTON,10
COMPUTER PROGRAMMING,INTELLECTUAL DISCUSSION,19
COMPUTER PROGRAMMING,INTERNET STARTUPS,53
COMPUTER PROGRAMMING,JAVASCRIPT,78
COMPUTER PROGRAMMING,LEAN STARTUP,39
COMPUTER PROGRAMMING,LIVE MUSIC,27
COMPUTER PROGRAMMING,MOBILE DEVELOPMENT,60
COMPUTER PROGRAMMING,MOBILE TECHNOLOGY,62
COMPUTER PROGRAMMING,MUSIC,13
COMPUTER PROGRAMMING,NEW TECHNOLOGY,126
COMPUTER PROGRAMMING,OPEN SOURCE,117
COMPUTER PROGRAMMING,OUTDOORS,22
COMPUTER PROGRAMMING,PREDICTIVE ANALYTICS,53
COMPUTER PROGRAMMING,PROFESSIONAL DEVELOPMENT,17
COMPUTER PROGRAMMING,PROFESSIONAL NETWORKING,24
COMPUTER PROGRAMMING,PYTHON,43
COMPUTER PROGRAMMING,SELF-IMPROVEMENT,18
COMPUTER PROGRAMMING,SOCIAL,14
COMPUTER PROGRAMMING,SOFTWARE DEVELOPMENT,137
COMPUTER PROGRAMMING,STARTUP BUSINESSES,87
COMPUTER PROGRAMMING,TECHNOLOGY,90
COMPUTER PROGRAMMING,TECHNOLOGY STARTUPS,30
COMPUTER PROGRAMMING,THEATER,17
COMPUTER PROGRAMMING,TRAVEL,31
COMPUTER PROGRAMMING,WATCHING MOVIES,17
COMPUTER PROGRAMMING,WEB DESIGN,81
COMPUTER PROGRAMMING,WEB DEVELOPMENT,117
COMPUTER PROGRAMMING,WEB TECHNOLOGY,49
DANCING,DATA ANALYTICS,11
DANCING,DATA MINING,7
DANCING,DATA VISUALIZATION,12
DANCING,DINING OUT,25
DANCING,EDUCATION & TECHNOLOGY,7
DANCING,ENTREPRENEUR NETWORKING,8
DANCING,ENTREPRENEURSHIP,12
DANCING,FITNESS,26
DANCING,HADOOP,5
DANCING,HIKING,17
DANCING,HOUSTON,10
DANCING,INTELLECTUAL DISCUSSION,10
DANCING,INTERNET STARTUPS,5
DANCING,JAVASCRIPT,4
DANCING,LEAN STARTUP,3
DANCING,LIVE MUSIC,32
DANCING,MOBILE DEVELOPMENT,3
DANCING,MOBILE TECHNOLOGY,5
DANCING,MUSIC,19
DANCING,NEW TECHNOLOGY,25
DANCING,OPEN SOURCE,15
DANCING,OUTDOORS,29
DANCING,PREDICTIVE ANALYTICS,5
DANCING,PROFESSIONAL DEVELOPMENT,6
DANCING,PROFESSIONAL NETWORKING,7
DANCING,PYTHON,3
DANCING,SELF-IMPROVEMENT,12
DANCING,SOCIAL,20
DANCING,SOFTWARE DEVELOPMENT,12
DANCING,STARTUP BUSINESSES,15
DANCING,TECHNOLOGY,9
DANCING,TECHNOLOGY STARTUPS,3
DANCING,THEATER,21
DANCING,TRAVEL,29
DANCING,WATCHING MOVIES,17
DANCING,WEB DESIGN,10
DANCING,WEB DEVELOPMENT,9
DANCING,WEB TECHNOLOGY,6
DATA ANALYTICS,DATA MINING,111
DATA ANALYTICS,DATA VISUALIZATION,135
DATA ANALYTICS,DINING OUT,22
DATA ANALYTICS,EDUCATION & TECHNOLOGY,11
DATA ANALYTICS,ENTREPRENEUR NETWORKING,30
DATA ANALYTICS,ENTREPRENEURSHIP,59
DATA ANALYTICS,FITNESS,31
DATA ANALYTICS,HADOOP,57
DATA ANALYTICS,HIKING,15
DATA ANALYTICS,HOUSTON,2
DATA ANALYTICS,INTELLECTUAL DISCUSSION,11
DATA ANALYTICS,INTERNET STARTUPS,36
DATA ANALYTICS,JAVASCRIPT,48
DATA ANALYTICS,LEAN STARTUP,27
DATA ANALYTICS,LIVE MUSIC,19
DATA ANALYTICS,MOBILE DEVELOPMENT,35
DATA ANALYTICS,MOBILE TECHNOLOGY,34
DATA ANALYTICS,MUSIC,6
DATA ANALYTICS,NEW TECHNOLOGY,80
DATA ANALYTICS,OPEN SOURCE,70
DATA ANALYTICS,OUTDOORS,22
DATA ANALYTICS,PREDICTIVE ANALYTICS,74
DATA ANALYTICS,PROFESSIONAL DEVELOPMENT,11
DATA ANALYTICS,PROFESSIONAL NETWORKING,19
DATA ANALYTICS,PYTHON,30
DATA ANALYTICS,SELF-IMPROVEMENT,9
DATA ANALYTICS,SOCIAL,9
DATA ANALYTICS,SOFTWARE DEVELOPMENT,78
DATA ANALYTICS,STARTUP BUSINESSES,66
DATA ANALYTICS,TECHNOLOGY,71
DATA ANALYTICS,TECHNOLOGY STARTUPS,17
DATA ANALYTICS,THEATER,13
DATA ANALYTICS,TRAVEL,28
DATA ANALYTICS,WATCHING MOVIES,15
DATA ANALYTICS,WEB DESIGN,46
DATA ANALYTICS,WEB DEVELOPMENT,66
DATA ANALYTICS,WEB TECHNOLOGY,18
DATA MINING,DATA VISUALIZATION,101
DATA MINING,DINING OUT,18
DATA MINING,EDUCATION & TECHNOLOGY,9
DATA MINING,ENTREPRENEUR NETWORKING,25
DATA MINING,ENTREPRENEURSHIP,46
DATA MINING,FITNESS,27
DATA MINING,HADOOP,48
DATA MINING,HIKING,12
DATA MINING,HOUSTON,2
DATA MINING,INTELLECTUAL DISCUSSION,9
DATA MINING,INTERNET STARTUPS,25
DATA MINING,JAVASCRIPT,35
DATA MINING,LEAN STARTUP,20
DATA MINING,LIVE MUSIC,15
DATA MINING,MOBILE DEVELOPMENT,28
DATA MINING,MOBILE TECHNOLOGY,26
DATA MINING,MUSIC,4
DATA MINING,NEW TECHNOLOGY,66
DATA MINING,OPEN SOURCE,46
DATA MINING,OUTDOORS,17
DATA MINING,PREDICTIVE ANALYTICS,59
DATA MINING,PROFESSIONAL DEVELOPMENT,9
DATA MINING,PROFESSIONAL NETWORKING,15
DATA MINING,PYTHON,22
DATA MINING,SELF-IMPROVEMENT,4
DATA MINING,SOCIAL,7
DATA MINING,SOFTWARE DEVELOPMENT,60
DATA MINING,STARTUP BUSINESSES,52
DATA MINING,TECHNOLOGY,55
DATA MINING,TECHNOLOGY STARTUPS,15
DATA MINING,THEATER,9
DATA MINING,TRAVEL,23
DATA MINING,WATCHING MOVIES,11
DATA MINING,WEB DESIGN,37
DATA MINING,WEB DEVELOPMENT,49
DATA MINING,WEB TECHNOLOGY,13
DATA VISUALIZATION,DINING OUT,21
DATA VISUALIZATION,EDUCATION & TECHNOLOGY,12
DATA VISUALIZATION,ENTREPRENEUR NETWORKING,28
DATA VISUALIZATION,ENTREPRENEURSHIP,55
DATA VISUALIZATION,FITNESS,31
DATA VISUALIZATION,HADOOP,47
DATA VISUALIZATION,HIKING,13
DATA VISUALIZATION,HOUSTON,2
DATA VISUALIZATION,INTELLECTUAL DISCUSSION,11
DATA VISUALIZATION,INTERNET STARTUPS,33
DATA VISUALIZATION,JAVASCRIPT,45
DATA VISUALIZATION,LEAN STARTUP,24
DATA VISUALIZATION,LIVE MUSIC,20
DATA VISUALIZATION,MOBILE DEVELOPMENT,35
DATA VISUALIZATION,MOBILE TECHNOLOGY,31
DATA VISUALIZATION,MUSIC,4
DATA VISUALIZATION,NEW TECHNOLOGY,84
DATA VISUALIZATION,OPEN SOURCE,64
DATA VISUALIZATION,OUTDOORS,22
DATA VISUALIZATION,PREDICTIVE ANALYTICS,69
DATA VISUALIZATION,PROFESSIONAL DEVELOPMENT,10
DATA VISUALIZATION,PROFESSIONAL NETWORKING,20
DATA VISUALIZATION,PYTHON,26
DATA VISUALIZATION,SELF-IMPROVEMENT,6
DATA VISUALIZATION,SOCIAL,7
DATA VISUALIZATION,SOFTWARE DEVELOPMENT,68
DATA VISUALIZATION,STARTUP BUSINESSES,65
DATA VISUALIZATION,TECHNOLOGY,66
DATA VISUALIZATION,TECHNOLOGY STARTUPS,18
DATA VISUALIZATION,THEATER,15
DATA VISUALIZATION,TRAVEL,27
DATA VISUALIZATION,WATCHING MOVIES,16
DATA VISUALIZATION,WEB DESIGN,47
DATA VISUALIZATION,WEB DEVELOPMENT,62
DATA VISUALIZATION,WEB TECHNOLOGY,18
DINING OUT,EDUCATION & TECHNOLOGY,22
DINING OUT,ENTREPRENEUR NETWORKING,15
DINING OUT,ENTREPRENEURSHIP,26
DINING OUT,FITNESS,46
DINING OUT,HADOOP,9
DINING OUT,HIKING,26
DINING OUT,HOUSTON,25
DINING OUT,INTELLECTUAL DISCUSSION,29
DINING OUT,INTERNET STARTUPS,12
DINING OUT,JAVASCRIPT,13
DINING OUT,LEAN STARTUP,11
DINING OUT,LIVE MUSIC,50
DINING OUT,MOBILE DEVELOPMENT,10
DINING OUT,MOBILE TECHNOLOGY,22
DINING OUT,MUSIC,26
DINING OUT,NEW TECHNOLOGY,44
DINING OUT,OPEN SOURCE,32
DINING OUT,OUTDOORS,46
DINING OUT,PREDICTIVE ANALYTICS,20
DINING OUT,PROFESSIONAL DEVELOPMENT,23
DINING OUT,PROFESSIONAL NETWORKING,13
DINING OUT,PYTHON,6
DINING OUT,SELF-IMPROVEMENT,21
DINING OUT,SOCIAL,21
DINING OUT,SOFTWARE DEVELOPMENT,23
DINING OUT,STARTUP BUSINESSES,38
DINING OUT,TECHNOLOGY,26
DINING OUT,TECHNOLOGY STARTUPS,12
DINING OUT,THEATER,29
DINING OUT,TRAVEL,47
DINING OUT,WATCHING MOVIES,29
DINING OUT,WEB DESIGN,25
DINING OUT,WEB DEVELOPMENT,25
DINING OUT,WEB TECHNOLOGY,17
EDUCATION & TECHNOLOGY,ENTREPRENEUR NETWORKING,10
EDUCATION & TECHNOLOGY,ENTREPRENEURSHIP,21
EDUCATION & TECHNOLOGY,FITNESS,16
EDUCATION & TECHNOLOGY,HADOOP,4
EDUCATION & TECHNOLOGY,HIKING,8
EDUCATION & TECHNOLOGY,HOUSTON,14
EDUCATION & TECHNOLOGY,INTELLECTUAL DISCUSSION,32
EDUCATION & TECHNOLOGY,INTERNET STARTUPS,11
EDUCATION & TECHNOLOGY,JAVASCRIPT,11
EDUCATION & TECHNOLOGY,LEAN STARTUP,7
EDUCATION & TECHNOLOGY,LIVE MUSIC,15
EDUCATION & TECHNOLOGY,MOBILE DEVELOPMENT,11
EDUCATION & TECHNOLOGY,MOBILE TECHNOLOGY,22
EDUCATION & TECHNOLOGY,MUSIC,12
EDUCATION & TECHNOLOGY,NEW TECHNOLOGY,36
EDUCATION & TECHNOLOGY,OPEN SOURCE,29
EDUCATION & TECHNOLOGY,OUTDOORS,19
EDUCATION & TECHNOLOGY,PREDICTIVE ANALYTICS,19
EDUCATION & TECHNOLOGY,PROFESSIONAL DEVELOPMENT,12
EDUCATION & TECHNOLOGY,PROFESSIONAL NETWORKING,10
EDUCATION & TECHNOLOGY,PYTHON,7
EDUCATION & TECHNOLOGY,SELF-IMPROVEMENT,13
EDUCATION & TECHNOLOGY,SOCIAL,6
EDUCATION & TECHNOLOGY,SOFTWARE DEVELOPMENT,26
EDUCATION & TECHNOLOGY,STARTUP BUSINESSES,30
EDUCATION & TECHNOLOGY,TECHNOLOGY,16
EDUCATION & TECHNOLOGY,TECHNOLOGY STARTUPS,12
EDUCATION & TECHNOLOGY,THEATER,10
EDUCATION & TECHNOLOGY,TRAVEL,15
EDUCATION & TECHNOLOGY,WATCHING MOVIES,8
EDUCATION & TECHNOLOGY,WEB DESIGN,24
EDUCATION & TECHNOLOGY,WEB DEVELOPMENT,21
EDUCATION & TECHNOLOGY,WEB TECHNOLOGY,22
ENTREPRENEUR NETWORKING,ENTREPRENEURSHIP,60
ENTREPRENEUR NETWORKING,FITNESS,22
ENTREPRENEUR NETWORKING,HADOOP,18
ENTREPRENEUR NETWORKING,HIKING,8
ENTREPRENEUR NETWORKING,HOUSTON,3
ENTREPRENEUR NETWORKING,INTELLECTUAL DISCUSSION,8
ENTREPRENEUR NETWORKING,INTERNET STARTUPS,36
ENTREPRENEUR NETWORKING,JAVASCRIPT,24
ENTREPRENEUR NETWORKING,LEAN STARTUP,29
ENTREPRENEUR NETWORKING,LIVE MUSIC,15
ENTREPRENEUR NETWORKING,MOBILE DEVELOPMENT,25
ENTREPRENEUR NETWORKING,MOBILE TECHNOLOGY,29
ENTREPRENEUR NETWORKING,MUSIC,3
ENTREPRENEUR NETWORKING,NEW TECHNOLOGY,48
ENTREPRENEUR NETWORKING,OPEN SOURCE,27
ENTREPRENEUR NETWORKING,OUTDOORS,14
ENTREPRENEUR NETWORKING,PREDICTIVE ANALYTICS,16
ENTREPRENEUR NETWORKING,PROFESSIONAL DEVELOPMENT,15
ENTREPRENEUR NETWORKING,PROFESSIONAL NETWORKING,32
ENTREPRENEUR NETWORKING,PYTHON,7
ENTREPRENEUR NETWORKING,SELF-IMPROVEMENT,10
ENTREPRENEUR NETWORKING,SOCIAL,11
ENTREPRENEUR NETWORKING,SOFTWARE DEVELOPMENT,38
ENTREPRENEUR NETWORKING,STARTUP BUSINESSES,64
ENTREPRENEUR NETWORKING,TECHNOLOGY,45
ENTREPRENEUR NETWORKING,TECHNOLOGY STARTUPS,17
ENTREPRENEUR NETWORKING,THEATER,8
ENTREPRENEUR NETWORKING,TRAVEL,23
ENTREPRENEUR NETWORKING,WATCHING MOVIES,7
ENTREPRENEUR NETWORKING,WEB DESIGN,33
ENTREPRENEUR NETWORKING,WEB DEVELOPMENT,37
ENTREPRENEUR NETWORKING,WEB TECHNOLOGY,9
ENTREPRENEURSHIP,FITNESS,39
ENTREPRENEURSHIP,HADOOP,28
ENTREPRENEURSHIP,HIKING,18
ENTREPRENEURSHIP,HOUSTON,5
ENTREPRENEURSHIP,INTELLECTUAL DISCUSSION,13
ENTREPRENEURSHIP,INTERNET STARTUPS,54
ENTREPRENEURSHIP,JAVASCRIPT,45
ENTREPRENEURSHIP,LEAN STARTUP,46
ENTREPRENEURSHIP,LIVE MUSIC,27
ENTREPRENEURSHIP,MOBILE DEVELOPMENT,44
ENTREPRENEURSHIP,MOBILE TECHNOLOGY,40
ENTREPRENEURSHIP,MUSIC,7
ENTREPRENEURSHIP,NEW TECHNOLOGY,91
ENTREPRENEURSHIP,OPEN SOURCE,64
ENTREPRENEURSHIP,OUTDOORS,25
ENTREPRENEURSHIP,PREDICTIVE ANALYTICS,23
ENTREPRENEURSHIP,PROFESSIONAL DEVELOPMENT,21
ENTREPRENEURSHIP,PROFESSIONAL NETWORKING,42
ENTREPRENEURSHIP,PYTHON,19
ENTREPRENEURSHIP,SELF-IMPROVEMENT,14
ENTREPRENEURSHIP,SOCIAL,18
ENTREPRENEURSHIP,SOFTWARE DEVELOPMENT,72
ENTREPRENEURSHIP,STARTUP BUSINESSES,114
ENTREPRENEURSHIP,TECHNOLOGY,76
ENTREPRENEURSHIP,TECHNOLOGY STARTUPS,25
ENTREPRENEURSHIP,THEATER,17
ENTREPRENEURSHIP,TRAVEL,36
ENTREPRENEURSHIP,WATCHING MOVIES,10
ENTREPRENEURSHIP,WEB DESIGN,60
ENTREPRENEURSHIP,WEB DEVELOPMENT,79
ENTREPRENEURSHIP,WEB TECHNOLOGY,30
FITNESS,HADOOP,13
FITNESS,HIKING,40
FITNESS,HOUSTON,21
FITNESS,INTELLECTUAL DISCUSSION,15
FITNESS,INTERNET STARTUPS,21
FITNESS,JAVASCRIPT,25
FITNESS,LEAN STARTUP,15
FITNESS,LIVE MUSIC,47
FITNESS,MOBILE DEVELOPMENT,20
FITNESS,MOBILE TECHNOLOGY,24
FITNESS,MUSIC,23
FITNESS,NEW TECHNOLOGY,55
FITNESS,OPEN SOURCE,43
FITNESS,OUTDOORS,53
FITNESS,PREDICTIVE ANALYTICS,19
FITNESS,PROFESSIONAL DEVELOPMENT,15
FITNESS,PROFESSIONAL NETWORKING,16
FITNESS,PYTHON,15
FITNESS,SELF-IMPROVEMENT,23
FITNESS,SOCIAL,25
FITNESS,SOFTWARE DEVELOPMENT,38
FITNESS,STARTUP BUSINESSES,49
FITNESS,TECHNOLOGY,36
FITNESS,TECHNOLOGY STARTUPS,13
FITNESS,THEATER,26
FITNESS,TRAVEL,57
FITNESS,WATCHING MOVIES,26
FITNESS,WEB DESIGN,26
FITNESS,WEB DEVELOPMENT,36
FITNESS,WEB TECHNOLOGY,17
HADOOP,HIKING,7
HADOOP,HOUSTON,3
HADOOP,INTELLECTUAL DISCUSSION,2
HADOOP,INTERNET STARTUPS,18
HADOOP,JAVASCRIPT,18
HADOOP,LEAN STARTUP,13
HADOOP,LIVE MUSIC,9
HADOOP,MOBILE DEVELOPMENT,17
HADOOP,MOBILE TECHNOLOGY,16
HADOOP,MUSIC,4
HADOOP,NEW TECHNOLOGY,38
HADOOP,OPEN SOURCE,31
HADOOP,OUTDOORS,6
HADOOP,PREDICTIVE ANALYTICS,33
HADOOP,PROFESSIONAL DEVELOPMENT,5
HADOOP,PROFESSIONAL NETWORKING,9
HADOOP,PYTHON,11
HADOOP,SELF-IMPROVEMENT,3
HADOOP,SOCIAL,3
HADOOP,SOFTWARE DEVELOPMENT,40
HADOOP,STARTUP BUSINESSES,32
HADOOP,TECHNOLOGY,32
HADOOP,TECHNOLOGY STARTUPS,8
HADOOP,THEATER,4
HADOOP,TRAVEL,14
HADOOP,WATCHING MOVIES,4
HADOOP,WEB DESIGN,17
HADOOP,WEB DEVELOPMENT,32
HADOOP,WEB TECHNOLOGY,8
HIKING,HOUSTON,7
HIKING,INTELLECTUAL DISCUSSION,10
HIKING,INTERNET STARTUPS,6
HIKING,JAVASCRIPT,13
HIKING,LEAN STARTUP,5
HIKING,LIVE MUSIC,34
HIKING,MOBILE DEVELOPMENT,12
HIKING,MOBILE TECHNOLOGY,9
HIKING,MUSIC,15
HIKING,NEW TECHNOLOGY,29
HIKING,OPEN SOURCE,18
HIKING,OUTDOORS,45
HIKING,PREDICTIVE ANALYTICS,8
HIKING,PROFESSIONAL DEVELOPMENT,4
HIKING,PROFESSIONAL NETWORKING,9
HIKING,PYTHON,6
HIKING,SELF-IMPROVEMENT,13
HIKING,SOCIAL,16
HIKING,SOFTWARE DEVELOPMENT,20
HIKING,STARTUP BUSINESSES,23
HIKING,TECHNOLOGY,16
HIKING,TECHNOLOGY STARTUPS,6
HIKING,THEATER,16
HIKING,TRAVEL,39
HIKING,WATCHING MOVIES,16
HIKING,WEB DESIGN,13
HIKING,WEB DEVELOPMENT,21
HIKING,WEB TECHNOLOGY,7
HOUSTON,INTELLECTUAL DISCUSSION,14
HOUSTON,INTERNET STARTUPS,5
HOUSTON,JAVASCRIPT,2
HOUSTON,LEAN STARTUP,3
HOUSTON,LIVE MUSIC,21
HOUSTON,MOBILE DEVELOPMENT,3
HOUSTON,MOBILE TECHNOLOGY,17
HOUSTON,MUSIC,15
HOUSTON,NEW TECHNOLOGY,14
HOUSTON,OPEN SOURCE,19
HOUSTON,OUTDOORS,21
HOUSTON,PREDICTIVE ANALYTICS,10
HOUSTON,PROFESSIONAL DEVELOPMENT,9
HOUSTON,PROFESSIONAL NETWORKING,10
HOUSTON,PYTHON,1
HOUSTON,SELF-IMPROVEMENT,11
HOUSTON,SOCIAL,15
HOUSTON,SOFTWARE DEVELOPMENT,7
HOUSTON,STARTUP BUSINESSES,16
HOUSTON,TECHNOLOGY,5
HOUSTON,TECHNOLOGY STARTUPS,7
HOUSTON,THEATER,10
HOUSTON,TRAVEL,20
HOUSTON,WATCHING MOVIES,12
HOUSTON,WEB DESIGN,12
HOUSTON,WEB DEVELOPMENT,6
HOUSTON,WEB TECHNOLOGY,13
INTELLECTUAL DISCUSSION,INTERNET STARTUPS,8
INTELLECTUAL DISCUSSION,JAVASCRIPT,3
INTELLECTUAL DISCUSSION,LEAN STARTUP,3
INTELLECTUAL DISCUSSION,LIVE MUSIC,22
INTELLECTUAL DISCUSSION,MOBILE DEVELOPMENT,4
INTELLECTUAL DISCUSSION,MOBILE TECHNOLOGY,12
INTELLECTUAL DISCUSSION,MUSIC,17
INTELLECTUAL DISCUSSION,NEW TECHNOLOGY,28
INTELLECTUAL DISCUSSION,OPEN SOURCE,14
INTELLECTUAL DISCUSSION,OUTDOORS,20
INTELLECTUAL DISCUSSION,PREDICTIVE ANALYTICS,15
INTELLECTUAL DISCUSSION,PROFESSIONAL DEVELOPMENT,14
INTELLECTUAL DISCUSSION,PROFESSIONAL NETWORKING,3
INTELLECTUAL DISCUSSION,PYTHON,1
INTELLECTUAL DISCUSSION,SELF-IMPROVEMENT,19
INTELLECTUAL DISCUSSION,SOCIAL,8
INTELLECTUAL DISCUSSION,SOFTWARE DEVELOPMENT,13
INTELLECTUAL DISCUSSION,STARTUP BUSINESSES,24
INTELLECTUAL DISCUSSION,TECHNOLOGY,12
INTELLECTUAL DISCUSSION,TECHNOLOGY STARTUPS,11
INTELLECTUAL DISCUSSION,THEATER,16
INTELLECTUAL DISCUSSION,TRAVEL,14
INTELLECTUAL DISCUSSION,WATCHING MOVIES,16
INTELLECTUAL DISCUSSION,WEB DESIGN,14
INTELLECTUAL DISCUSSION,WEB DEVELOPMENT,14
INTELLECTUAL DISCUSSION,WEB TECHNOLOGY,14
INTERNET STARTUPS,JAVASCRIPT,35
INTERNET STARTUPS,LEAN STARTUP,36
INTERNET STARTUPS,LIVE MUSIC,10
INTERNET STARTUPS,MOBILE DEVELOPMENT,30
INTERNET STARTUPS,MOBILE TECHNOLOGY,33
INTERNET STARTUPS,MUSIC,3
INTERNET STARTUPS,NEW TECHNOLOGY,58
INTERNET STARTUPS,OPEN SOURCE,47
INTERNET STARTUPS,OUTDOORS,11
INTERNET STARTUPS,PREDICTIVE ANALYTICS,17
INTERNET STARTUPS,PROFESSIONAL DEVELOPMENT,12
INTERNET STARTUPS,PROFESSIONAL NETWORKING,24
INTERNET STARTUPS,PYTHON,18
INTERNET STARTUPS,SELF-IMPROVEMENT,9
INTERNET STARTUPS,SOCIAL,7
INTERNET STARTUPS,SOFTWARE DEVELOPMENT,53
INTERNET STARTUPS,STARTUP BUSINESSES,58
INTERNET STARTUPS,TECHNOLOGY,49
INTERNET STARTUPS,TECHNOLOGY STARTUPS,17
INTERNET STARTUPS,THEATER,8
INTERNET STARTUPS,TRAVEL,20
INTERNET STARTUPS,WATCHING MOVIES,3
INTERNET STARTUPS,WEB DESIGN,43
INTERNET STARTUPS,WEB DEVELOPMENT,50
INTERNET STARTUPS,WEB TECHNOLOGY,21
JAVASCRIPT,LEAN STARTUP,23
JAVASCRIPT,LIVE MUSIC,12
JAVASCRIPT,MOBILE DEVELOPMENT,52
JAVASCRIPT,MOBILE TECHNOLOGY,44
JAVASCRIPT,MUSIC,3
JAVASCRIPT,NEW TECHNOLOGY,63
JAVASCRIPT,OPEN SOURCE,67
JAVASCRIPT,OUTDOORS,11
JAVASCRIPT,PREDICTIVE ANALYTICS,18
JAVASCRIPT,PROFESSIONAL DEVELOPMENT,6
JAVASCRIPT,PROFESSIONAL NETWORKING,13
JAVASCRIPT,PYTHON,26
JAVASCRIPT,SELF-IMPROVEMENT,5
JAVASCRIPT,SOCIAL,8
JAVASCRIPT,SOFTWARE DEVELOPMENT,78
JAVASCRIPT,STARTUP BUSINESSES,48
JAVASCRIPT,TECHNOLOGY,65
JAVASCRIPT,TECHNOLOGY STARTUPS,16
JAVASCRIPT,THEATER,6
JAVASCRIPT,TRAVEL,19
JAVASCRIPT,WATCHING MOVIES,5
JAVASCRIPT,WEB DESIGN,62
JAVASCRIPT,WEB DEVELOPMENT,80
JAVASCRIPT,WEB TECHNOLOGY,22
LEAN STARTUP,LIVE MUSIC,10
LEAN STARTUP,MOBILE DEVELOPMENT,24
LEAN STARTUP,MOBILE TECHNOLOGY,24
LEAN STARTUP,MUSIC,2
LEAN STARTUP,NEW TECHNOLOGY,41
LEAN STARTUP,OPEN SOURCE,29
LEAN STARTUP,OUTDOORS,7
LEAN STARTUP,PREDICTIVE ANALYTICS,9
LEAN STARTUP,PROFESSIONAL DEVELOPMENT,4
LEAN STARTUP,PROFESSIONAL NETWORKING,19
LEAN STARTUP,PYTHON,10
LEAN STARTUP,SELF-IMPROVEMENT,3
LEAN STARTUP,SOCIAL,3
LEAN STARTUP,SOFTWARE DEVELOPMENT,39
LEAN STARTUP,STARTUP BUSINESSES,46
LEAN STARTUP,TECHNOLOGY,42
LEAN STARTUP,TECHNOLOGY STARTUPS,16
LEAN STARTUP,THEATER,4
LEAN STARTUP,TRAVEL,14
LEAN STARTUP,WATCHING MOVIES,3
LEAN STARTUP,WEB DESIGN,33
LEAN STARTUP,WEB DEVELOPMENT,38
LEAN STARTUP,WEB TECHNOLOGY,10
LIVE MUSIC,MOBILE DEVELOPMENT,13
LIVE MUSIC,MOBILE TECHNOLOGY,15
LIVE MUSIC,MUSIC,41
LIVE MUSIC,NEW TECHNOLOGY,45
LIVE MUSIC,OPEN SOURCE,33
LIVE MUSIC,OUTDOORS,49
LIVE MUSIC,PREDICTIVE ANALYTICS,13
LIVE MUSIC,PROFESSIONAL DEVELOPMENT,15
LIVE MUSIC,PROFESSIONAL NETWORKING,14
LIVE MUSIC,PYTHON,7
LIVE MUSIC,SELF-IMPROVEMENT,19
LIVE MUSIC,SOCIAL,28
LIVE MUSIC,SOFTWARE DEVELOPMENT,24
LIVE MUSIC,STARTUP BUSINESSES,40
LIVE MUSIC,TECHNOLOGY,27
LIVE MUSIC,TECHNOLOGY STARTUPS,9
LIVE MUSIC,THEATER,32
LIVE MUSIC,TRAVEL,49
LIVE MUSIC,WATCHING MOVIES,40
LIVE MUSIC,WEB DESIGN,19
LIVE MUSIC,WEB DEVELOPMENT,22
LIVE MUSIC,WEB TECHNOLOGY,13
MOBILE DEVELOPMENT,MOBILE TECHNOLOGY,51
MOBILE DEVELOPMENT,MUSIC,8
MOBILE DEVELOPMENT,NEW TECHNOLOGY,60
MOBILE DEVELOPMENT,OPEN SOURCE,46
MOBILE DEVELOPMENT,OUTDOORS,9
MOBILE DEVELOPMENT,PREDICTIVE ANALYTICS,12
MOBILE DEVELOPMENT,PROFESSIONAL DEVELOPMENT,11
MOBILE DEVELOPMENT,PROFESSIONAL NETWORKING,16
MOBILE DEVELOPMENT,PYTHON,18
MOBILE DEVELOPMENT,SELF-IMPROVEMENT,7
MOBILE DEVELOPMENT,SOCIAL,6
MOBILE DEVELOPMENT,SOFTWARE DEVELOPMENT,61
MOBILE DEVELOPMENT,STARTUP BUSINESSES,51
MOBILE DEVELOPMENT,TECHNOLOGY,55
MOBILE DEVELOPMENT,TECHNOLOGY STARTUPS,17
MOBILE DEVELOPMENT,THEATER,8
MOBILE DEVELOPMENT,TRAVEL,14
MOBILE DEVELOPMENT,WATCHING MOVIES,4
MOBILE DEVELOPMENT,WEB DESIGN,54
MOBILE DEVELOPMENT,WEB DEVELOPMENT,64
MOBILE DEVELOPMENT,WEB TECHNOLOGY,17
MOBILE TECHNOLOGY,MUSIC,11
MOBILE TECHNOLOGY,NEW TECHNOLOGY,71
MOBILE TECHNOLOGY,OPEN SOURCE,58
MOBILE TECHNOLOGY,OUTDOORS,18
MOBILE TECHNOLOGY,PREDICTIVE ANALYTICS,35
MOBILE TECHNOLOGY,PROFESSIONAL DEVELOPMENT,14
MOBILE TECHNOLOGY,PROFESSIONAL NETWORKING,21
MOBILE TECHNOLOGY,PYTHON,15
MOBILE TECHNOLOGY,SELF-IMPROVEMENT,17
MOBILE TECHNOLOGY,SOCIAL,10
MOBILE TECHNOLOGY,SOFTWARE DEVELOPMENT,75
MOBILE TECHNOLOGY,STARTUP BUSINESSES,50
MOBILE TECHNOLOGY,TECHNOLOGY,53
MOBILE TECHNOLOGY,TECHNOLOGY STARTUPS,28
MOBILE TECHNOLOGY,THEATER,12
MOBILE TECHNOLOGY,TRAVEL,19
MOBILE TECHNOLOGY,WATCHING MOVIES,6
MOBILE TECHNOLOGY,WEB DESIGN,59
MOBILE TECHNOLOGY,WEB DEVELOPMENT,60
MOBILE TECHNOLOGY,WEB TECHNOLOGY,40
MUSIC,NEW TECHNOLOGY,21
MUSIC,OPEN SOURCE,13
MUSIC,OUTDOORS,28
MUSIC,PREDICTIVE ANALYTICS,6
MUSIC,PROFESSIONAL DEVELOPMENT,8
MUSIC,PROFESSIONAL NETWORKING,5
MUSIC,PYTHON,2
MUSIC,SELF-IMPROVEMENT,13
MUSIC,SOCIAL,17
MUSIC,SOFTWARE DEVELOPMENT,9
MUSIC,STARTUP BUSINESSES,16
MUSIC,TECHNOLOGY,8
MUSIC,TECHNOLOGY STARTUPS,7
MUSIC,THEATER,12
MUSIC,TRAVEL,16
MUSIC,WATCHING MOVIES,18
MUSIC,WEB DESIGN,8
MUSIC,WEB DEVELOPMENT,8
MUSIC,WEB TECHNOLOGY,9
NEW TECHNOLOGY,OPEN SOURCE,101
NEW TECHNOLOGY,OUTDOORS,42
NEW TECHNOLOGY,PREDICTIVE ANALYTICS,58
NEW TECHNOLOGY,PROFESSIONAL DEVELOPMENT,34
NEW TECHNOLOGY,PROFESSIONAL NETWORKING,36
NEW TECHNOLOGY,PYTHON,29
NEW TECHNOLOGY,SELF-IMPROVEMENT,23
NEW TECHNOLOGY,SOCIAL,21
NEW TECHNOLOGY,SOFTWARE DEVELOPMENT,116
NEW TECHNOLOGY,STARTUP BUSINESSES,112
NEW TECHNOLOGY,TECHNOLOGY,106
NEW TECHNOLOGY,TECHNOLOGY STARTUPS,43
NEW TECHNOLOGY,THEATER,26
NEW TECHNOLOGY,TRAVEL,48
NEW TECHNOLOGY,WATCHING MOVIES,24
NEW TECHNOLOGY,WEB DESIGN,83
NEW TECHNOLOGY,WEB DEVELOPMENT,98
NEW TECHNOLOGY,WEB TECHNOLOGY,49
OPEN SOURCE,OUTDOORS,30
OPEN SOURCE,PREDICTIVE ANALYTICS,49
OPEN SOURCE,PROFESSIONAL DEVELOPMENT,16
OPEN SOURCE,PROFESSIONAL NETWORKING,22
OPEN SOURCE,PYTHON,37
OPEN SOURCE,SELF-IMPROVEMENT,12
OPEN SOURCE,SOCIAL,17
OPEN SOURCE,SOFTWARE DEVELOPMENT,105
OPEN SOURCE,STARTUP BUSINESSES,73
OPEN SOURCE,TECHNOLOGY,71
OPEN SOURCE,TECHNOLOGY STARTUPS,25
OPEN SOURCE,THEATER,19
OPEN SOURCE,TRAVEL,35
OPEN SOURCE,WATCHING MOVIES,17
OPEN SOURCE,WEB DESIGN,71
OPEN SOURCE,WEB DEVELOPMENT,89
OPEN SOURCE,WEB TECHNOLOGY,45
OUTDOORS,PREDICTIVE ANALYTICS,19
OUTDOORS,PROFESSIONAL DEVELOPMENT,13
OUTDOORS,PROFESSIONAL NETWORKING,11
OUTDOORS,PYTHON,3
OUTDOORS,SELF-IMPROVEMENT,24
OUTDOORS,SOCIAL,23
OUTDOORS,SOFTWARE DEVELOPMENT,23
OUTDOORS,STARTUP BUSINESSES,34
OUTDOORS,TECHNOLOGY,19
OUTDOORS,TECHNOLOGY STARTUPS,9
OUTDOORS,THEATER,21
OUTDOORS,TRAVEL,47
OUTDOORS,WATCHING MOVIES,31
OUTDOORS,WEB DESIGN,18
OUTDOORS,WEB DEVELOPMENT,23
OUTDOORS,WEB TECHNOLOGY,13
PREDICTIVE ANALYTICS,PROFESSIONAL DEVELOPMENT,13
PREDICTIVE ANALYTICS,PROFESSIONAL NETWORKING,10
PREDICTIVE ANALYTICS,PYTHON,18
PREDICTIVE ANALYTICS,SELF-IMPROVEMENT,12
PREDICTIVE ANALYTICS,SOCIAL,2
PREDICTIVE ANALYTICS,SOFTWARE DEVELOPMENT,50
PREDICTIVE ANALYTICS,STARTUP BUSINESSES,36
PREDICTIVE ANALYTICS,TECHNOLOGY,30
PREDICTIVE ANALYTICS,TECHNOLOGY STARTUPS,21
PREDICTIVE ANALYTICS,THEATER,6
PREDICTIVE ANALYTICS,TRAVEL,16
PREDICTIVE ANALYTICS,WATCHING MOVIES,7
PREDICTIVE ANALYTICS,WEB DESIGN,32
PREDICTIVE ANALYTICS,WEB DEVELOPMENT,30
PREDICTIVE ANALYTICS,WEB TECHNOLOGY,28
PROFESSIONAL DEVELOPMENT,PROFESSIONAL NETWORKING,12
PROFESSIONAL DEVELOPMENT,PYTHON,4
PROFESSIONAL DEVELOPMENT,SELF-IMPROVEMENT,10
PROFESSIONAL DEVELOPMENT,SOCIAL,6
PROFESSIONAL DEVELOPMENT,SOFTWARE DEVELOPMENT,15
PROFESSIONAL DEVELOPMENT,STARTUP BUSINESSES,37
PROFESSIONAL DEVELOPMENT,TECHNOLOGY,16
PROFESSIONAL DEVELOPMENT,TECHNOLOGY STARTUPS,15
PROFESSIONAL DEVELOPMENT,THEATER,9
PROFESSIONAL DEVELOPMENT,TRAVEL,15
PROFESSIONAL DEVELOPMENT,WATCHING MOVIES,8
PROFESSIONAL DEVELOPMENT,WEB DESIGN,13
PROFESSIONAL DEVELOPMENT,WEB DEVELOPMENT,12
PROFESSIONAL DEVELOPMENT,WEB TECHNOLOGY,14
PROFESSIONAL NETWORKING,PYTHON,7
PROFESSIONAL NETWORKING,SELF-IMPROVEMENT,8
PROFESSIONAL NETWORKING,SOCIAL,11
PROFESSIONAL NETWORKING,SOFTWARE DEVELOPMENT,26
PROFESSIONAL NETWORKING,STARTUP BUSINESSES,45
PROFESSIONAL NETWORKING,TECHNOLOGY,32
PROFESSIONAL NETWORKING,TECHNOLOGY STARTUPS,13
PROFESSIONAL NETWORKING,THEATER,12
PROFESSIONAL NETWORKING,TRAVEL,17
PROFESSIONAL NETWORKING,WATCHING MOVIES,3
PROFESSIONAL NETWORKING,WEB DESIGN,23
PROFESSIONAL NETWORKING,WEB DEVELOPMENT,28
PROFESSIONAL NETWORKING,WEB TECHNOLOGY,15
PYTHON,SELF-IMPROVEMENT,2
PYTHON,SOCIAL,6
PYTHON,SOFTWARE DEVELOPMENT,35
PYTHON,STARTUP BUSINESSES,21
PYTHON,TECHNOLOGY,29
PYTHON,TECHNOLOGY STARTUPS,4
PYTHON,THEATER,5
PYTHON,TRAVEL,11
PYTHON,WATCHING MOVIES,4
PYTHON,WEB DESIGN,18
PYTHON,WEB DEVELOPMENT,27
PYTHON,WEB TECHNOLOGY,10
SELF-IMPROVEMENT,SOCIAL,7
SELF-IMPROVEMENT,SOFTWARE DEVELOPMENT,14
SELF-IMPROVEMENT,STARTUP BUSINESSES,19
SELF-IMPROVEMENT,TECHNOLOGY,13
SELF-IMPROVEMENT,TECHNOLOGY STARTUPS,11
SELF-IMPROVEMENT,THEATER,13
SELF-IMPROVEMENT,TRAVEL,20
SELF-IMPROVEMENT,WATCHING MOVIES,11
SELF-IMPROVEMENT,WEB DESIGN,11
SELF-IMPROVEMENT,WEB DEVELOPMENT,14
SELF-IMPROVEMENT,WEB TECHNOLOGY,14
SOCIAL,SOFTWARE DEVELOPMENT,11
SOCIAL,STARTUP BUSINESSES,23
SOCIAL,TECHNOLOGY,10
SOCIAL,TECHNOLOGY STARTUPS,5
SOCIAL,THEATER,18
SOCIAL,TRAVEL,22
SOCIAL,WATCHING MOVIES,18
SOCIAL,WEB DESIGN,12
SOCIAL,WEB DEVELOPMENT,12
SOCIAL,WEB TECHNOLOGY,7
SOFTWARE DEVELOPMENT,STARTUP BUSINESSES,83
SOFTWARE DEVELOPMENT,TECHNOLOGY,91
SOFTWARE DEVELOPMENT,TECHNOLOGY STARTUPS,31
SOFTWARE DEVELOPMENT,THEATER,13
SOFTWARE DEVELOPMENT,TRAVEL,30
SOFTWARE DEVELOPMENT,WATCHING MOVIES,13
SOFTWARE DEVELOPMENT,WEB DESIGN,83
SOFTWARE DEVELOPMENT,WEB DEVELOPMENT,117
SOFTWARE DEVELOPMENT,WEB TECHNOLOGY,52
STARTUP BUSINESSES,TECHNOLOGY,82
STARTUP BUSINESSES,TECHNOLOGY STARTUPS,43
STARTUP BUSINESSES,THEATER,26
STARTUP BUSINESSES,TRAVEL,41
STARTUP BUSINESSES,WATCHING MOVIES,22
STARTUP BUSINESSES,WEB DESIGN,69
STARTUP BUSINESSES,WEB DEVELOPMENT,81
STARTUP BUSINESSES,WEB TECHNOLOGY,27
TECHNOLOGY,TECHNOLOGY STARTUPS,23
TECHNOLOGY,THEATER,14
TECHNOLOGY,TRAVEL,34
TECHNOLOGY,WATCHING MOVIES,8
TECHNOLOGY,WEB DESIGN,70
TECHNOLOGY,WEB DEVELOPMENT,88
TECHNOLOGY,WEB TECHNOLOGY,24
TECHNOLOGY STARTUPS,THEATER,5
TECHNOLOGY STARTUPS,TRAVEL,11
TECHNOLOGY STARTUPS,WATCHING MOVIES,2
TECHNOLOGY STARTUPS,WEB DESIGN,28
TECHNOLOGY STARTUPS,WEB DEVELOPMENT,24
TECHNOLOGY STARTUPS,WEB TECHNOLOGY,17
THEATER,TRAVEL,25
THEATER,WATCHING MOVIES,21
THEATER,WEB DESIGN,10
THEATER,WEB DEVELOPMENT,13
THEATER,WEB TECHNOLOGY,8
TRAVEL,WATCHING MOVIES,27
TRAVEL,WEB DESIGN,26
TRAVEL,WEB DEVELOPMENT,32
TRAVEL,WEB TECHNOLOGY,10
WATCHING MOVIES,WEB DESIGN,6
WATCHING MOVIES,WEB DEVELOPMENT,10
WATCHING MOVIES,WEB TECHNOLOGY,8
WEB DESIGN,WEB DEVELOPMENT,90
WEB DESIGN,WEB TECHNOLOGY,41
WEB DEVELOPMENT,WEB TECHNOLOGY,40
